,SP500,Gold,Oil
SP500,1.0,0.03313100476791317,0.14334255079898622
Gold,0.03313100476791317,1.0,0.06229340884736612
Oil,0.14334255079898622,0.06229340884736612,1.0
